"AOU" "animal" "ORDER" "Family" "Genus" "Epithet" "animal_jetz"
"1" 1770 "Dendrocygna_autumnalis" "Anseriformes" "Anatidae" "Dendrocygna" "autumnalis" "Dendrocygna_autumnalis"
"2" 1780 "Dendrocygna_bicolor" "Anseriformes" "Anatidae" "Dendrocygna" "bicolor" "Dendrocygna_bicolor"
"3" 1710 "Anser_albifrons" "Anseriformes" "Anatidae" "Anser" "albifrons" "Anser_albifrons"
"4" 1740 "Branta_bernicla" "Anseriformes" "Anatidae" "Branta" "bernicla" "Branta_bernicla"
"5" 1720 "Branta_canadensis" "Anseriformes" "Anatidae" "Branta" "canadensis" "Branta_canadensis"
"6" 1782 "Cygnus_olor" "Anseriformes" "Anatidae" "Cygnus" "olor" "Cygnus_olor"
"7" 1810 "Cygnus_buccinator" "Anseriformes" "Anatidae" "Cygnus" "buccinator" "Cygnus_buccinator"
"8" 1800 "Cygnus_columbianus" "Anseriformes" "Anatidae" "Cygnus" "columbianus" "Cygnus_columbianus"
"9" 10210 "Cairina_moschata" "Anseriformes" "Anatidae" "Cairina" "moschata" "Cairina_moschata"
"10" 1440 "Aix_sponsa" "Anseriformes" "Anatidae" "Aix" "sponsa" "Aix_sponsa"
"11" 1400 "Spatula_discors" "Anseriformes" "Anatidae" "Spatula" "discors" "Anas_discors"
"12" 1410 "Spatula_cyanoptera" "Anseriformes" "Anatidae" "Spatula" "cyanoptera" "Anas_cyanoptera"
"13" 1420 "Spatula_clypeata" "Anseriformes" "Anatidae" "Spatula" "clypeata" "Anas_clypeata"
"14" 1350 "Mareca_strepera" "Anseriformes" "Anatidae" "Mareca" "strepera" "Anas_strepera"
"15" 1370 "Mareca_americana" "Anseriformes" "Anatidae" "Mareca" "americana" "Anas_americana"
"16" 1320 "Anas_platyrhynchos" "Anseriformes" "Anatidae" "Anas" "platyrhynchos" "Anas_platyrhynchos"
"17" 1331 "Anas_platyrhynchos" "Anseriformes" "Anatidae" "Anas" "platyrhynchos" "Anas_platyrhynchos"
"18" 1330 "Anas_rubripes" "Anseriformes" "Anatidae" "Anas" "rubripes" "Anas_rubripes"
"19" 1340 "Anas_fulvigula" "Anseriformes" "Anatidae" "Anas" "fulvigula" "Anas_fulvigula"
"20" 1430 "Anas_acuta" "Anseriformes" "Anatidae" "Anas" "acuta" "Anas_acuta"
"21" 1390 "Anas_crecca" "Anseriformes" "Anatidae" "Anas" "crecca" "Anas_crecca"
"22" 1470 "Aythya_valisineria" "Anseriformes" "Anatidae" "Aythya" "valisineria" "Aythya_valisineria"
"23" 1460 "Aythya_americana" "Anseriformes" "Anatidae" "Aythya" "americana" "Aythya_americana"
"24" 1500 "Aythya_collaris" "Anseriformes" "Anatidae" "Aythya" "collaris" "Aythya_collaris"
"25" 1480 "Aythya_marila" "Anseriformes" "Anatidae" "Aythya" "marila" "Aythya_marila"
"26" 1490 "Aythya_affinis" "Anseriformes" "Anatidae" "Aythya" "affinis" "Aythya_affinis"
"27" 1489 "Aythya_marila" "Anseriformes" "Anatidae" "Aythya" "marila" "Aythya_marila"
"28" 1590 "Somateria_mollissima" "Anseriformes" "Anatidae" "Somateria" "mollissima" "Somateria_mollissima"
"29" 1550 "Histrionicus_histrionicus" "Anseriformes" "Anatidae" "Histrionicus" "histrionicus" "Histrionicus_histrionicus"
"30" 1660 "Melanitta_perspicillata" "Anseriformes" "Anatidae" "Melanitta" "perspicillata" "Melanitta_perspicillata"
"31" 1650 "Melanitta_deglandi" "Anseriformes" "Anatidae" "Melanitta" "deglandi" "Melanitta_fusca"
"32" 1630 "Melanitta_americana" "Anseriformes" "Anatidae" "Melanitta" "americana" "Melanitta_nigra"
"34" 1540 "Clangula_hyemalis" "Anseriformes" "Anatidae" "Clangula" "hyemalis" "Clangula_hyemalis"
"35" 1530 "Bucephala_albeola" "Anseriformes" "Anatidae" "Bucephala" "albeola" "Bucephala_albeola"
"36" 1510 "Bucephala_clangula" "Anseriformes" "Anatidae" "Bucephala" "clangula" "Bucephala_clangula"
"37" 1520 "Bucephala_islandica" "Anseriformes" "Anatidae" "Bucephala" "islandica" "Bucephala_islandica"
"38" 1512 "Bucephala_clangula" "Anseriformes" "Anatidae" "Bucephala" "clangula" "Bucephala_clangula"
"39" 1310 "Lophodytes_cucullatus" "Anseriformes" "Anatidae" "Lophodytes" "cucullatus" "Lophodytes_cucullatus"
"40" 1290 "Mergus_merganser" "Anseriformes" "Anatidae" "Mergus" "merganser" "Mergus_merganser"
"41" 1300 "Mergus_serrator" "Anseriformes" "Anatidae" "Mergus" "serrator" "Mergus_serrator"
"42" 1670 "Oxyura_jamaicensis" "Anseriformes" "Anatidae" "Oxyura" "jamaicensis" "Oxyura_jamaicensis"
"43" 3110 "Ortalis_vetula" "Galliformes" "Cracidae" "Ortalis" "vetula" "Ortalis_vetula"
"44" 2920 "Oreortyx_pictus" "Galliformes" "Odontophoridae" "Oreortyx" "pictus" "Oreortyx_pictus"
"45" 2890 "Colinus_virginianus" "Galliformes" "Odontophoridae" "Colinus" "virginianus" "Colinus_virginianus"
"46" 2930 "Callipepla_squamata" "Galliformes" "Odontophoridae" "Callipepla" "squamata" "Callipepla_squamata"
"47" 2940 "Callipepla_californica" "Galliformes" "Odontophoridae" "Callipepla" "californica" "Callipepla_californica"
"48" 2950 "Callipepla_gambelii" "Galliformes" "Odontophoridae" "Callipepla" "gambelii" "Callipepla_gambelii"
"49" 2960 "Cyrtonyx_montezumae" "Galliformes" "Odontophoridae" "Cyrtonyx" "montezumae" "Cyrtonyx_montezumae"
"50" 2882 "Alectoris_chukar" "Galliformes" "Phasianidae" "Alectoris" "chukar" "Alectoris_chukar"
"51" 2881 "Perdix_perdix" "Galliformes" "Phasianidae" "Perdix" "perdix" "Perdix_perdix"
"52" 3091 "Phasianus_colchicus" "Galliformes" "Phasianidae" "Phasianus" "colchicus" "Phasianus_colchicus"
"53" 3000 "Bonasa_umbellus" "Galliformes" "Phasianidae" "Bonasa" "umbellus" "Bonasa_umbellus"
"54" 3090 "Centrocercus_urophasianus" "Galliformes" "Phasianidae" "Centrocercus" "urophasianus" "Centrocercus_urophasianus"
"55" 3089 "Centrocercus_minimus" "Galliformes" "Phasianidae" "Centrocercus" "minimus" "Centrocercus_minimus"
"56" 2980 "Falcipennis_canadensis" "Galliformes" "Phasianidae" "Falcipennis" "canadensis" "Dendragapus_canadensis"
"57" 3010 "Lagopus_lagopus" "Galliformes" "Phasianidae" "Lagopus" "lagopus" "Lagopus_lagopus"
"58" 3020 "Lagopus_muta" "Galliformes" "Phasianidae" "Lagopus" "muta" "Lagopus_muta"
"59" 3040 "Lagopus_leucura" "Galliformes" "Phasianidae" "Lagopus" "leucura" "Lagopus_leucura"
"60" 2970 "Dendragapus_obscurus" "Galliformes" "Phasianidae" "Dendragapus" "obscurus" "Dendragapus_obscurus"
"61" 2971 "Dendragapus_fuliginosus" "Galliformes" "Phasianidae" "Dendragapus" "fuliginosus" "Dendragapus_fuliginosus"
"62" 2973 "Dendragapus_obscurus" "Galliformes" "Phasianidae" "Dendragapus" "obscurus" "Dendragapus_obscurus"
"63" 3080 "Tympanuchus_phasianellus" "Galliformes" "Phasianidae" "Tympanuchus" "phasianellus" "Tympanuchus_phasianellus"
"64" 3050 "Tympanuchus_cupido" "Galliformes" "Phasianidae" "Tympanuchus" "cupido" "Tympanuchus_cupido"
"65" 3070 "Tympanuchus_pallidicinctus" "Galliformes" "Phasianidae" "Tympanuchus" "pallidicinctus" "Tympanuchus_pallidicinctus"
"66" 3100 "Meleagris_gallopavo" "Galliformes" "Phasianidae" "Meleagris" "gallopavo" "Meleagris_gallopavo"
"67" 50 "Tachybaptus_dominicus" "Podicipediformes" "Podicipedidae" "Tachybaptus" "dominicus" "Tachybaptus_dominicus"
"68" 60 "Podilymbus_podiceps" "Podicipediformes" "Podicipedidae" "Podilymbus" "podiceps" "Podilymbus_podiceps"
"69" 30 "Podiceps_auritus" "Podicipediformes" "Podicipedidae" "Podiceps" "auritus" "Podiceps_auritus"
"70" 20 "Podiceps_grisegena" "Podicipediformes" "Podicipedidae" "Podiceps" "grisegena" "Podiceps_grisegena"
"71" 40 "Podiceps_nigricollis" "Podicipediformes" "Podicipedidae" "Podiceps" "nigricollis" "Podiceps_nigricollis"
"72" 10 "Aechmophorus_occidentalis" "Podicipediformes" "Podicipedidae" "Aechmophorus" "occidentalis" "Aechmophorus_occidentalis"
"73" 11 "Aechmophorus_clarkii" "Podicipediformes" "Podicipedidae" "Aechmophorus" "clarkii" "Aechmophorus_clarkii"
"74" 12 "Aechmophorus_occidentalis" "Podicipediformes" "Podicipedidae" "Aechmophorus" "occidentalis" "Aechmophorus_occidentalis"
"75" 3131 "Columba_livia" "Columbiformes" "Columbidae" "Columba" "livia" "Columba_livia"
"76" 3140 "Patagioenas_leucocephala" "Columbiformes" "Columbidae" "Patagioenas" "leucocephala" "Patagioenas_leucocephala"
"77" 3120 "Patagioenas_fasciata" "Columbiformes" "Columbidae" "Patagioenas" "fasciata" "Patagioenas_fasciata"
"78" 22860 "Streptopelia_decaocto" "Columbiformes" "Columbidae" "Streptopelia" "decaocto" "Streptopelia_decaocto"
"79" 3210 "Columbina_inca" "Columbiformes" "Columbidae" "Columbina" "inca" "Columbina_inca"
"80" 3200 "Columbina_passerina" "Columbiformes" "Columbidae" "Columbina" "passerina" "Columbina_passerina"
"81" 3180 "Leptotila_verreauxi" "Columbiformes" "Columbidae" "Leptotila" "verreauxi" "Leptotila_verreauxi"
"82" 3190 "Zenaida_asiatica" "Columbiformes" "Columbidae" "Zenaida" "asiatica" "Zenaida_asiatica"
"83" 3160 "Zenaida_macroura" "Columbiformes" "Columbidae" "Zenaida" "macroura" "Zenaida_macroura"
"84" 3840 "Crotophaga_sulcirostris" "Cuculiformes" "Cuculidae" "Crotophaga" "sulcirostris" "Crotophaga_sulcirostris"
"85" 3850 "Geococcyx_californianus" "Cuculiformes" "Cuculidae" "Geococcyx" "californianus" "Geococcyx_californianus"
"86" 3870 "Coccyzus_americanus" "Cuculiformes" "Cuculidae" "Coccyzus" "americanus" "Coccyzus_americanus"
"87" 3860 "Coccyzus_minor" "Cuculiformes" "Cuculidae" "Coccyzus" "minor" "Coccyzus_minor"
"88" 3880 "Coccyzus_erythropthalmus" "Cuculiformes" "Cuculidae" "Coccyzus" "erythropthalmus" "Coccyzus_erythropthalmus"
"89" 3875 "Coccyzus_americanus" "Cuculiformes" "Cuculidae" "Coccyzus" "americanus" "Coccyzus_americanus"
"90" 4210 "Chordeiles_acutipennis" "Caprimulgiformes" "Caprimulgidae" "Chordeiles" "acutipennis" "Chordeiles_acutipennis"
"91" 4200 "Chordeiles_minor" "Caprimulgiformes" "Caprimulgidae" "Chordeiles" "minor" "Chordeiles_minor"
"92" 4205 "Chordeiles_acutipennis" "Caprimulgiformes" "Caprimulgidae" "Chordeiles" "acutipennis" "Chordeiles_acutipennis"
"93" 4190 "Nyctidromus_albicollis" "Caprimulgiformes" "Caprimulgidae" "Nyctidromus" "albicollis" "Nyctidromus_albicollis"
"94" 4180 "Phalaenoptilus_nuttallii" "Caprimulgiformes" "Caprimulgidae" "Phalaenoptilus" "nuttallii" "Phalaenoptilus_nuttallii"
"95" 4160 "Antrostomus_carolinensis" "Caprimulgiformes" "Caprimulgidae" "Antrostomus" "carolinensis" "Caprimulgus_carolinensis"
"96" 4171 "Antrostomus_vociferus" "Caprimulgiformes" "Caprimulgidae" "Antrostomus" "vociferus" "Caprimulgus_vociferus"
"97" 4172 "Antrostomus_arizonae" "Caprimulgiformes" "Caprimulgidae" "Antrostomus" "arizonae" "Caprimulgus_vociferus"
"98" 4220 "Cypseloides_niger" "Apodiformes" "Apodidae" "Cypseloides" "niger" "Cypseloides_niger"
"99" 4230 "Chaetura_pelagica" "Apodiformes" "Apodidae" "Chaetura" "pelagica" "Chaetura_pelagica"
"100" 4240 "Chaetura_vauxi" "Apodiformes" "Apodidae" "Chaetura" "vauxi" "Chaetura_vauxi"
"101" 4250 "Aeronautes_saxatalis" "Apodiformes" "Apodidae" "Aeronautes" "saxatalis" "Aeronautes_saxatalis"
"102" 4260 "Eugenes_fulgens" "Apodiformes" "Trochilidae" "Eugenes" "fulgens" "Eugenes_fulgens"
"103" 4270 "Lampornis_clemenciae" "Apodiformes" "Trochilidae" "Lampornis" "clemenciae" "Lampornis_clemenciae"
"104" 4370 "Calothorax_lucifer" "Apodiformes" "Trochilidae" "Calothorax" "lucifer" "Calothorax_lucifer"
"105" 4280 "Archilochus_colubris" "Apodiformes" "Trochilidae" "Archilochus" "colubris" "Archilochus_colubris"
"106" 4290 "Archilochus_alexandri" "Apodiformes" "Trochilidae" "Archilochus" "alexandri" "Archilochus_alexandri"
"107" 4295 "Archilochus_colubris" "Apodiformes" "Trochilidae" "Archilochus" "colubris" "Archilochus_colubris"
"108" 4310 "Calypte_anna" "Apodiformes" "Trochilidae" "Calypte" "anna" "Calypte_anna"
"109" 4300 "Calypte_costae" "Apodiformes" "Trochilidae" "Calypte" "costae" "Calypte_costae"
"110" 4320 "Selasphorus_platycercus" "Apodiformes" "Trochilidae" "Selasphorus" "platycercus" "Selasphorus_platycercus"
"111" 4330 "Selasphorus_rufus" "Apodiformes" "Trochilidae" "Selasphorus" "rufus" "Selasphorus_rufus"
"112" 4340 "Selasphorus_sasin" "Apodiformes" "Trochilidae" "Selasphorus" "sasin" "Selasphorus_sasin"
"113" 4335 "Selasphorus_rufus" "Apodiformes" "Trochilidae" "Selasphorus" "rufus" "Selasphorus_rufus"
"115" 4360 "Selasphorus_calliope" "Apodiformes" "Trochilidae" "Selasphorus" "calliope" "Stellula_calliope"
"116" 4410 "Cynanthus_latirostris" "Apodiformes" "Trochilidae" "Cynanthus" "latirostris" "Cynanthus_latirostris"
"117" 4391 "Amazilia_violiceps" "Apodiformes" "Trochilidae" "Amazilia" "violiceps" "Amazilia_violiceps"
"118" 2150 "Coturnicops_noveboracensis" "Gruiformes" "Rallidae" "Coturnicops" "noveboracensis" "Coturnicops_noveboracensis"
"119" 2160 "Laterallus_jamaicensis" "Gruiformes" "Rallidae" "Laterallus" "jamaicensis" "Laterallus_jamaicensis"
"120" 2111 "Rallus_obsoletus" "Gruiformes" "Rallidae" "Rallus" "obsoletus" "Rallus_longirostris"
"121" 2110 "Rallus_crepitans" "Gruiformes" "Rallidae" "Rallus" "crepitans" "Rallus_longirostris"
"122" 2080 "Rallus_elegans" "Gruiformes" "Rallidae" "Rallus" "elegans" "Rallus_elegans"
"123" 2120 "Rallus_limicola" "Gruiformes" "Rallidae" "Rallus" "limicola" "Rallus_limicola"
"124" 2140 "Porzana_carolina" "Gruiformes" "Rallidae" "Porzana" "carolina" "Porzana_carolina"
"125" 2180 "Porphyrio_martinicus" "Gruiformes" "Rallidae" "Porphyrio" "martinicus" "Porphyrio_martinica"
"126" 2190 "Gallinula_galeata" "Gruiformes" "Rallidae" "Gallinula" "galeata" "Gallinula_chloropus"
"127" 2210 "Fulica_americana" "Gruiformes" "Rallidae" "Fulica" "americana" "Fulica_americana"
"128" 2070 "Aramus_guarauna" "Gruiformes" "Aramidae" "Aramus" "guarauna" "Aramus_guarauna"
"129" 2060 "Antigone_canadensis" "Gruiformes" "Gruidae" "Antigone" "canadensis" "Grus_canadensis"
"130" 2260 "Himantopus_mexicanus" "Charadriiformes" "Recurvirostridae" "Himantopus" "mexicanus" "Himantopus_mexicanus"
"131" 2250 "Recurvirostra_americana" "Charadriiformes" "Recurvirostridae" "Recurvirostra" "americana" "Recurvirostra_americana"
"132" 2860 "Haematopus_palliatus" "Charadriiformes" "Haematopodidae" "Haematopus" "palliatus" "Haematopus_palliatus"
"133" 2870 "Haematopus_bachmani" "Charadriiformes" "Haematopodidae" "Haematopus" "bachmani" "Haematopus_bachmani"
"134" 2700 "Pluvialis_squatarola" "Charadriiformes" "Charadriidae" "Pluvialis" "squatarola" "Pluvialis_squatarola"
"135" 2720 "Pluvialis_dominica" "Charadriiformes" "Charadriidae" "Pluvialis" "dominica" "Pluvialis_dominica"
"136" 2721 "Pluvialis_fulva" "Charadriiformes" "Charadriidae" "Pluvialis" "fulva" "Pluvialis_fulva"
"137" 2730 "Charadrius_vociferus" "Charadriiformes" "Charadriidae" "Charadrius" "vociferus" "Charadrius_vociferus"
"138" 2740 "Charadrius_semipalmatus" "Charadriiformes" "Charadriidae" "Charadrius" "semipalmatus" "Charadrius_semipalmatus"
"139" 2770 "Charadrius_melodus" "Charadriiformes" "Charadriidae" "Charadrius" "melodus" "Charadrius_melodus"
"140" 2800 "Charadrius_wilsonia" "Charadriiformes" "Charadriidae" "Charadrius" "wilsonia" "Charadrius_wilsonia"
"141" 2810 "Charadrius_montanus" "Charadriiformes" "Charadriidae" "Charadrius" "montanus" "Charadrius_montanus"
"142" 2780 "Charadrius_nivosus" "Charadriiformes" "Charadriidae" "Charadrius" "nivosus" "Charadrius_alexandrinus"
"143" 2610 "Bartramia_longicauda" "Charadriiformes" "Scolopacidae" "Bartramia" "longicauda" "Bartramia_longicauda"
"144" 2680 "Numenius_tahitiensis" "Charadriiformes" "Scolopacidae" "Numenius" "tahitiensis" "Numenius_tahitiensis"
"145" 2650 "Numenius_phaeopus" "Charadriiformes" "Scolopacidae" "Numenius" "phaeopus" "Numenius_phaeopus"
"146" 2640 "Numenius_americanus" "Charadriiformes" "Scolopacidae" "Numenius" "americanus" "Numenius_americanus"
"147" 2510 "Limosa_haemastica" "Charadriiformes" "Scolopacidae" "Limosa" "haemastica" "Limosa_haemastica"
"148" 2490 "Limosa_fedoa" "Charadriiformes" "Scolopacidae" "Limosa" "fedoa" "Limosa_fedoa"
"149" 2840 "Arenaria_melanocephala" "Charadriiformes" "Scolopacidae" "Arenaria" "melanocephala" "Arenaria_melanocephala"
"150" 2420 "Calidris_minutilla" "Charadriiformes" "Scolopacidae" "Calidris" "minutilla" "Calidris_minutilla"
"151" 2390 "Calidris_melanotos" "Charadriiformes" "Scolopacidae" "Calidris" "melanotos" "Calidris_melanotos"
"152" 2460 "Calidris_pusilla" "Charadriiformes" "Scolopacidae" "Calidris" "pusilla" "Calidris_pusilla"
"153" 2470 "Calidris_mauri" "Charadriiformes" "Scolopacidae" "Calidris" "mauri" "Calidris_mauri"
"155" 2310 "Limnodromus_griseus" "Charadriiformes" "Scolopacidae" "Limnodromus" "griseus" "Limnodromus_griseus"
"156" 2320 "Limnodromus_scolopaceus" "Charadriiformes" "Scolopacidae" "Limnodromus" "scolopaceus" "Limnodromus_scolopaceus"
"157" 2280 "Scolopax_minor" "Charadriiformes" "Scolopacidae" "Scolopax" "minor" "Scolopax_minor"
"158" 2300 "Gallinago_delicata" "Charadriiformes" "Scolopacidae" "Gallinago" "delicata" "Gallinago_gallinago"
"159" 2630 "Actitis_macularius" "Charadriiformes" "Scolopacidae" "Actitis" "macularius" "Actitis_macularius"
"160" 2560 "Tringa_solitaria" "Charadriiformes" "Scolopacidae" "Tringa" "solitaria" "Tringa_solitaria"
"161" 2590 "Tringa_incana" "Charadriiformes" "Scolopacidae" "Tringa" "incana" "Heteroscelus_incanus"
"162" 2550 "Tringa_flavipes" "Charadriiformes" "Scolopacidae" "Tringa" "flavipes" "Tringa_flavipes"
"163" 2555 "Tringa_melanoleuca" "Charadriiformes" "Scolopacidae" "Tringa" "melanoleuca" "Tringa_melanoleuca"
"164" 2580 "Tringa_semipalmata" "Charadriiformes" "Scolopacidae" "Tringa" "semipalmata" "Catoptrophorus_semipalmatus"
"165" 2540 "Tringa_melanoleuca" "Charadriiformes" "Scolopacidae" "Tringa" "melanoleuca" "Tringa_melanoleuca"
"166" 2240 "Steganopus_tricolor" "Charadriiformes" "Scolopacidae" "Phalaropus" "tricolor" "Steganopus_tricolor"
"167" 2230 "Phalaropus_lobatus" "Charadriiformes" "Scolopacidae" "Phalaropus" "lobatus" "Phalaropus_lobatus"
"168" 360 "Stercorarius_pomarinus" "Charadriiformes" "Stercorariidae" "Stercorarius" "pomarinus" "Stercorarius_pomarinus"
"169" 370 "Stercorarius_parasiticus" "Charadriiformes" "Stercorariidae" "Stercorarius" "parasiticus" "Stercorarius_parasiticus"
"170" 380 "Stercorarius_longicaudus" "Charadriiformes" "Stercorariidae" "Stercorarius" "longicaudus" "Stercorarius_longicaudus"
"171" 300 "Uria_aalge" "Charadriiformes" "Alcidae" "Uria" "aalge" "Uria_aalge"
"172" 310 "Uria_lomvia" "Charadriiformes" "Alcidae" "Uria" "lomvia" "Uria_lomvia"
"173" 290 "Cepphus_columba" "Charadriiformes" "Alcidae" "Cepphus" "columba" "Cepphus_columba"
"174" 230 "Brachyramphus_marmoratus" "Charadriiformes" "Alcidae" "Brachyramphus" "marmoratus" "Brachyramphus_marmoratus"
"175" 150 "Cerorhinca_monocerata" "Charadriiformes" "Alcidae" "Cerorhinca" "monocerata" "Cerorhinca_monocerata"
"176" 400 "Rissa_tridactyla" "Charadriiformes" "Laridae" "Rissa" "tridactyla" "Rissa_tridactyla"
"177" 620 "Xema_sabini" "Charadriiformes" "Laridae" "Xema" "sabini" "Xema_sabini"
"178" 600 "Larus_philadelphia" "Charadriiformes" "Laridae" "Chroicocephalus" "philadelphia" "Larus_philadelphia"
"179" 580 "Larus_atricilla" "Charadriiformes" "Laridae" "Leucophaeus" "atricilla" "Larus_atricilla"
"180" 590 "Larus_pipixcan" "Charadriiformes" "Laridae" "Leucophaeus" "pipixcan" "Larus_pipixcan"
"181" 570 "Larus_heermanni" "Charadriiformes" "Laridae" "Larus" "heermanni" "Larus_heermanni"
"182" 550 "Larus_canus" "Charadriiformes" "Laridae" "Larus" "canus" "Larus_canus"
"183" 540 "Larus_delawarensis" "Charadriiformes" "Laridae" "Larus" "delawarensis" "Larus_delawarensis"
"184" 490 "Larus_occidentalis" "Charadriiformes" "Laridae" "Larus" "occidentalis" "Larus_occidentalis"
"185" 530 "Larus_californicus" "Charadriiformes" "Laridae" "Larus" "californicus" "Larus_californicus"
"186" 510 "Larus_argentatus" "Charadriiformes" "Laridae" "Larus" "argentatus" "Larus_argentatus"
"187" 440 "Larus_glaucescens" "Charadriiformes" "Laridae" "Larus" "glaucescens" "Larus_glaucescens"
"188" 495 "Larus_occidentalis" "Charadriiformes" "Laridae" "Larus" "occidentalis" "Larus_occidentalis"
"189" 420 "Larus_hyperboreus" "Charadriiformes" "Laridae" "Larus" "hyperboreus" "Larus_hyperboreus"
"190" 470 "Larus_marinus" "Charadriiformes" "Laridae" "Larus" "marinus" "Larus_marinus"
"192" 730 "Onychoprion_aleuticus" "Charadriiformes" "Laridae" "Onychoprion" "aleuticus" "Sterna_aleutica"
"193" 740 "Sternula_antillarum" "Charadriiformes" "Laridae" "Sternula" "antillarum" "Sterna_antillarum"
"194" 630 "Gelochelidon_nilotica" "Charadriiformes" "Laridae" "Gelochelidon" "nilotica" "Sterna_nilotica"
"195" 640 "Hydroprogne_caspia" "Charadriiformes" "Laridae" "Hydroprogne" "caspia" "Sterna_caspia"
"196" 770 "Chlidonias_niger" "Charadriiformes" "Laridae" "Chlidonias" "niger" "Chlidonias_niger"
"197" 700 "Sterna_hirundo" "Charadriiformes" "Laridae" "Sterna" "hirundo" "Sterna_hirundo"
"198" 710 "Sterna_paradisaea" "Charadriiformes" "Laridae" "Sterna" "paradisaea" "Sterna_paradisaea"
"199" 690 "Sterna_forsteri" "Charadriiformes" "Laridae" "Sterna" "forsteri" "Sterna_forsteri"
"200" 650 "Thalasseus_maximus" "Charadriiformes" "Laridae" "Thalasseus" "maximus" "Sterna_maxima"
"201" 670 "Thalasseus_sandvicensis" "Charadriiformes" "Laridae" "Thalasseus" "sandvicensis" "Sterna_sandvicensis"
"203" 800 "Rynchops_niger" "Charadriiformes" "Laridae" "Rynchops" "niger" "Rynchops_niger"
"204" 110 "Gavia_stellata" "Gaviiformes" "Gaviidae" "Gavia" "stellata" "Gavia_stellata"
"205" 100 "Gavia_pacifica" "Gaviiformes" "Gaviidae" "Gavia" "pacifica" "Gavia_pacifica"
"206" 70 "Gavia_immer" "Gaviiformes" "Gaviidae" "Gavia" "immer" "Gavia_immer"
"207" 80 "Gavia_adamsii" "Gaviiformes" "Gaviidae" "Gavia" "adamsii" "Gavia_adamsii"
"209" 1880 "Mycteria_americana" "Ciconiiformes" "Ciconiidae" "Mycteria" "americana" "Mycteria_americana"
"210" 1280 "Fregata_magnificens" "Suliformes" "Fregatidae" "Fregata" "magnificens" "Fregata_magnificens"
"211" 1220 "Urile_penicillatus" "Suliformes" "Phalacrocoracidae" "Phalacrocorax" "penicillatus" "Phalacrocorax_penicillatus"
"212" 1210 "Nannopterum_brasilianus" "Suliformes" "Phalacrocoracidae" "Phalacrocorax" "brasilianus" "Phalacrocorax_brasilianus"
"213" 1200 "Nannopterum_auritus" "Suliformes" "Phalacrocoracidae" "Phalacrocorax" "auritus" "Phalacrocorax_auritus"
"214" 1205 "Nannopterum_brasilianus" "Suliformes" "Phalacrocoracidae" "Phalacrocorax" "brasilianus" "Phalacrocorax_brasilianus"
"215" 1230 "Urile_pelagicus" "Suliformes" "Phalacrocoracidae" "Phalacrocorax" "pelagicus" "Phalacrocorax_pelagicus"
"217" 1180 "Anhinga_anhinga" "Suliformes" "Anhingidae" "Anhinga" "anhinga" "Anhinga_anhinga"
"218" 1250 "Pelecanus_erythrorhynchos" "Pelecaniformes" "Pelecanidae" "Pelecanus" "erythrorhynchos" "Pelecanus_erythrorhynchos"
"219" 1260 "Pelecanus_occidentalis" "Pelecaniformes" "Pelecanidae" "Pelecanus" "occidentalis" "Pelecanus_occidentalis"
"220" 1900 "Botaurus_lentiginosus" "Pelecaniformes" "Ardeidae" "Botaurus" "lentiginosus" "Botaurus_lentiginosus"
"221" 1910 "Ixobrychus_exilis" "Pelecaniformes" "Ardeidae" "Ixobrychus" "exilis" "Ixobrychus_exilis"
"222" 1940 "Ardea_herodias" "Pelecaniformes" "Ardeidae" "Ardea" "herodias" "Ardea_herodias"
"223" 1920 "Ardea_herodias" "Pelecaniformes" "Ardeidae" "Ardea" "herodias" "Ardea_herodias"
"224" 1960 "Ardea_alba" "Pelecaniformes" "Ardeidae" "Ardea" "alba" "Casmerodius_albus"
"225" 1970 "Egretta_thula" "Pelecaniformes" "Ardeidae" "Egretta" "thula" "Egretta_thula"
"226" 2000 "Egretta_caerulea" "Pelecaniformes" "Ardeidae" "Egretta" "caerulea" "Egretta_caerulea"
"227" 1990 "Egretta_tricolor" "Pelecaniformes" "Ardeidae" "Egretta" "tricolor" "Egretta_tricolor"
"228" 1980 "Egretta_rufescens" "Pelecaniformes" "Ardeidae" "Egretta" "rufescens" "Egretta_rufescens"
"229" 2001 "Bubulcus_ibis" "Pelecaniformes" "Ardeidae" "Bubulcus" "ibis" "Bubulcus_ibis"
"230" 2010 "Butorides_virescens" "Pelecaniformes" "Ardeidae" "Butorides" "virescens" "Butorides_virescens"
"231" 2020 "Nycticorax_nycticorax" "Pelecaniformes" "Ardeidae" "Nycticorax" "nycticorax" "Nycticorax_nycticorax"
"232" 2030 "Nyctanassa_violacea" "Pelecaniformes" "Ardeidae" "Nyctanassa" "violacea" "Nyctanassa_violacea"
"233" 2035 "Nycticorax_nycticorax" "Pelecaniformes" "Ardeidae" "Nycticorax" "nycticorax" "Nycticorax_nycticorax"
"235" 1840 "Eudocimus_albus" "Pelecaniformes" "Threskiornithidae" "Eudocimus" "albus" "Eudocimus_albus"
"236" 1860 "Plegadis_falcinellus" "Pelecaniformes" "Threskiornithidae" "Plegadis" "falcinellus" "Plegadis_falcinellus"
"237" 1870 "Plegadis_chihi" "Pelecaniformes" "Threskiornithidae" "Plegadis" "chihi" "Plegadis_chihi"
"238" 1861 "Plegadis_falcinellus" "Pelecaniformes" "Threskiornithidae" "Plegadis" "falcinellus" "Plegadis_falcinellus"
"239" 1830 "Platalea_ajaja" "Pelecaniformes" "Threskiornithidae" "Platalea" "ajaja" "Platalea_ajaja"
"240" 3260 "Coragyps_atratus" "Cathartiformes" "Cathartidae" "Coragyps" "atratus" "Coragyps_atratus"
"241" 3250 "Cathartes_aura" "Cathartiformes" "Cathartidae" "Cathartes" "aura" "Cathartes_aura"
"242" 3255 "Coragyps_atratus" "Cathartiformes" "Cathartidae" "Coragyps" "atratus" "Coragyps_atratus"
"243" 3640 "Pandion_haliaetus" "Accipitriformes" "Pandionidae" "Pandion" "haliaetus" "Pandion_haliaetus"
"244" 3280 "Elanus_leucurus" "Accipitriformes" "Accipitridae" "Elanus" "leucurus" "Elanus_leucurus"
"245" 3270 "Elanoides_forficatus" "Accipitriformes" "Accipitridae" "Elanoides" "forficatus" "Elanoides_forficatus"
"246" 3490 "Aquila_chrysaetos" "Accipitriformes" "Accipitridae" "Aquila" "chrysaetos" "Aquila_chrysaetos"
"247" 3310 "Circus_hudsonius" "Accipitriformes" "Accipitridae" "Circus" "hudsonius" "Circus_cyaneus"
"248" 3320 "Accipiter_striatus" "Accipitriformes" "Accipitridae" "Accipiter" "striatus" "Accipiter_striatus"
"249" 3330 "Accipiter_cooperii" "Accipitriformes" "Accipitridae" "Accipiter" "cooperii" "Accipiter_cooperii"
"250" 3340 "Accipiter_gentilis" "Accipitriformes" "Accipitridae" "Accipiter" "gentilis" "Accipiter_gentilis"
"252" 3520 "Haliaeetus_leucocephalus" "Accipitriformes" "Accipitridae" "Haliaeetus" "leucocephalus" "Haliaeetus_leucocephalus"
"253" 3290 "Ictinia_mississippiensis" "Accipitriformes" "Accipitridae" "Ictinia" "mississippiensis" "Ictinia_mississippiensis"
"254" 3300 "Rostrhamus_sociabilis" "Accipitriformes" "Accipitridae" "Rostrhamus" "sociabilis" "Rostrhamus_sociabilis"
"255" 3450 "Buteogallus_anthracinus" "Accipitriformes" "Accipitridae" "Buteogallus" "anthracinus" "Buteogallus_anthracinus"
"256" 3350 "Parabuteo_unicinctus" "Accipitriformes" "Accipitridae" "Parabuteo" "unicinctus" "Parabuteo_unicinctus"
"257" 3410 "Geranoaetus_albicaudatus" "Accipitriformes" "Accipitridae" "Geranoaetus" "albicaudatus" "Geranoaetus_melanoleucus"
"258" 3460 "Buteo_plagiatus" "Accipitriformes" "Accipitridae" "Buteo" "plagiatus" "Buteo_nitidus"
"259" 3390 "Buteo_lineatus" "Accipitriformes" "Accipitridae" "Buteo" "lineatus" "Buteo_lineatus"
"260" 3430 "Buteo_platypterus" "Accipitriformes" "Accipitridae" "Buteo" "platypterus" "Buteo_platypterus"
"261" 3440 "Buteo_brachyurus" "Accipitriformes" "Accipitridae" "Buteo" "brachyurus" "Buteo_brachyurus"
"262" 3420 "Buteo_swainsoni" "Accipitriformes" "Accipitridae" "Buteo" "swainsoni" "Buteo_swainsoni"
"263" 3400 "Buteo_albonotatus" "Accipitriformes" "Accipitridae" "Buteo" "albonotatus" "Buteo_albonotatus"
"264" 3370 "Buteo_jamaicensis" "Accipitriformes" "Accipitridae" "Buteo" "jamaicensis" "Buteo_jamaicensis"
"265" 3380 "Buteo_jamaicensis" "Accipitriformes" "Accipitridae" "Buteo" "jamaicensis" "Buteo_jamaicensis"
"266" 3470 "Buteo_lagopus" "Accipitriformes" "Accipitridae" "Buteo" "lagopus" "Buteo_lagopus"
"267" 3480 "Buteo_regalis" "Accipitriformes" "Accipitridae" "Buteo" "regalis" "Buteo_regalis"
"269" 3650 "Tyto_alba" "Strigiformes" "Tytonidae" "Tyto" "alba" "Tyto_alba"
"270" 3740 "Psiloscops_flammeolus" "Strigiformes" "Strigidae" "Psiloscops" "flammeolus" "Otus_flammeolus"
"271" 3732 "Megascops_kennicottii" "Strigiformes" "Strigidae" "Megascops" "kennicottii" "Megascops_kennicottii"
"272" 3730 "Megascops_asio" "Strigiformes" "Strigidae" "Megascops" "asio" "Megascops_asio"
"273" 3750 "Bubo_virginianus" "Strigiformes" "Strigidae" "Bubo" "virginianus" "Bubo_virginianus"
"274" 3770 "Surnia_ulula" "Strigiformes" "Strigidae" "Surnia" "ulula" "Surnia_ulula"
"275" 3790 "Glaucidium_gnoma" "Strigiformes" "Strigidae" "Glaucidium" "gnoma" "Glaucidium_gnoma"
"276" 3810 "Micrathene_whitneyi" "Strigiformes" "Strigidae" "Micrathene" "whitneyi" "Micrathene_whitneyi"
"277" 3780 "Athene_cunicularia" "Strigiformes" "Strigidae" "Athene" "cunicularia" "Athene_cunicularia"
"278" 3690 "Strix_occidentalis" "Strigiformes" "Strigidae" "Strix" "occidentalis" "Strix_occidentalis"
"279" 3680 "Strix_varia" "Strigiformes" "Strigidae" "Strix" "varia" "Strix_varia"
"280" 3700 "Strix_nebulosa" "Strigiformes" "Strigidae" "Strix" "nebulosa" "Strix_nebulosa"
"281" 3660 "Asio_otus" "Strigiformes" "Strigidae" "Asio" "otus" "Asio_otus"
"282" 3670 "Asio_flammeus" "Strigiformes" "Strigidae" "Asio" "flammeus" "Asio_flammeus"
"283" 3710 "Aegolius_funereus" "Strigiformes" "Strigidae" "Aegolius" "funereus" "Aegolius_funereus"
"284" 3720 "Aegolius_acadicus" "Strigiformes" "Strigidae" "Aegolius" "acadicus" "Aegolius_acadicus"
"285" 3890 "Trogon_elegans" "Trogoniformes" "Trogonidae" "Trogon" "elegans" "Trogon_elegans"
"286" 3900 "Megaceryle_alcyon" "Coraciiformes" "Alcedinidae" "Megaceryle" "alcyon" "Megaceryle_alcyon"
"287" 4080 "Melanerpes_lewis" "Piciformes" "Picidae" "Melanerpes" "lewis" "Melanerpes_lewis"
"288" 4060 "Melanerpes_erythrocephalus" "Piciformes" "Picidae" "Melanerpes" "erythrocephalus" "Melanerpes_erythrocephalus"
"289" 4070 "Melanerpes_formicivorus" "Piciformes" "Picidae" "Melanerpes" "formicivorus" "Melanerpes_formicivorus"
"290" 4110 "Melanerpes_uropygialis" "Piciformes" "Picidae" "Melanerpes" "uropygialis" "Melanerpes_uropygialis"
"291" 4100 "Melanerpes_aurifrons" "Piciformes" "Picidae" "Melanerpes" "aurifrons" "Melanerpes_aurifrons"
"292" 4090 "Melanerpes_carolinus" "Piciformes" "Picidae" "Melanerpes" "carolinus" "Melanerpes_carolinus"
"293" 4040 "Sphyrapicus_thyroideus" "Piciformes" "Picidae" "Sphyrapicus" "thyroideus" "Sphyrapicus_thyroideus"
"294" 4020 "Sphyrapicus_varius" "Piciformes" "Picidae" "Sphyrapicus" "varius" "Sphyrapicus_varius"
"295" 4021 "Sphyrapicus_nuchalis" "Piciformes" "Picidae" "Sphyrapicus" "nuchalis" "Sphyrapicus_nuchalis"
"296" 4030 "Sphyrapicus_ruber" "Piciformes" "Picidae" "Sphyrapicus" "ruber" "Sphyrapicus_ruber"
"298" 4010 "Picoides_tridactylus" "Piciformes" "Picidae" "Picoides" "dorsalis" "Picoides_tridactylus"
"299" 4000 "Picoides_arcticus" "Piciformes" "Picidae" "Picoides" "arcticus" "Picoides_arcticus"
"300" 3940 "Dryobates_pubescens" "Piciformes" "Picidae" "Dryobates" "pubescens" "Picoides_pubescens"
"301" 3970 "Dryobates_nuttallii" "Piciformes" "Picidae" "Dryobates" "nuttallii" "Picoides_nuttallii"
"302" 3960 "Dryobates_scalaris" "Piciformes" "Picidae" "Dryobates" "scalaris" "Picoides_scalaris"
"303" 3950 "Leuconotopicus_borealis" "Piciformes" "Picidae" "Dryobates" "borealis" "Picoides_borealis"
"304" 3930 "Leuconotopicus_villosus" "Piciformes" "Picidae" "Dryobates" "villosus" "Picoides_villosus"
"305" 3990 "Leuconotopicus_albolarvatus" "Piciformes" "Picidae" "Dryobates" "albolarvatus" "Picoides_albolarvatus"
"306" 3975 "Leuconotopicus_arizonae" "Piciformes" "Picidae" "Dryobates" "arizonae" "Picoides_arizonae"
"307" 4123 "Colaptes_auratus" "Piciformes" "Picidae" "Colaptes" "auratus" "Colaptes_auratus"
"308" 4120 "Colaptes_auratus" "Piciformes" "Picidae" "Colaptes" "auratus" "Colaptes_auratus"
"309" 4130 "Colaptes_auratus" "Piciformes" "Picidae" "Colaptes" "auratus" "Colaptes_auratus"
"310" 4125 "Colaptes_auratus" "Piciformes" "Picidae" "Colaptes" "auratus" "Colaptes_auratus"
"311" 4140 "Colaptes_chrysoides" "Piciformes" "Picidae" "Colaptes" "chrysoides" "Colaptes_chrysoides"
"312" 4050 "Dryocopus_pileatus" "Piciformes" "Picidae" "Dryocopus" "pileatus" "Dryocopus_pileatus"
"314" 3620 "Caracara_cheriway" "Falconiformes" "Falconidae" "Caracara" "cheriway" "Caracara_cheriway"
"315" 3600 "Falco_sparverius" "Falconiformes" "Falconidae" "Falco" "sparverius" "Falco_sparverius"
"316" 3570 "Falco_columbarius" "Falconiformes" "Falconidae" "Falco" "columbarius" "Falco_columbarius"
"317" 3590 "Falco_femoralis" "Falconiformes" "Falconidae" "Falco" "femoralis" "Falco_femoralis"
"318" 3540 "Falco_rusticolus" "Falconiformes" "Falconidae" "Falco" "rusticolus" "Falco_rusticolus"
"319" 3560 "Falco_peregrinus" "Falconiformes" "Falconidae" "Falco" "peregrinus" "Falco_peregrinus"
"320" 3550 "Falco_mexicanus" "Falconiformes" "Falconidae" "Falco" "mexicanus" "Falco_mexicanus"
"321" 3824 "Myiopsitta_monachus" "Psittaciformes" "Psittacidae" "Myiopsitta" "monachus" "Myiopsitta_monachus"
"322" 4411 "Pachyramphus_aglaiae" "Passeriformes" "Tityridae" "Pachyramphus" "aglaiae" "Pachyramphus_aglaiae"
"323" 4720 "Camptostoma_imberbe" "Passeriformes" "Tyrannidae" "Camptostoma" "imberbe" "Camptostoma_imberbe"
"324" 4550 "Myiarchus_tuberculifer" "Passeriformes" "Tyrannidae" "Myiarchus" "tuberculifer" "Myiarchus_tuberculifer"
"325" 4540 "Myiarchus_cinerascens" "Passeriformes" "Tyrannidae" "Myiarchus" "cinerascens" "Myiarchus_cinerascens"
"326" 4520 "Myiarchus_crinitus" "Passeriformes" "Tyrannidae" "Myiarchus" "crinitus" "Myiarchus_crinitus"
"327" 4530 "Myiarchus_tyrannulus" "Passeriformes" "Tyrannidae" "Myiarchus" "tyrannulus" "Myiarchus_tyrannulus"
"328" 4490 "Pitangus_sulphuratus" "Passeriformes" "Tyrannidae" "Pitangus" "sulphuratus" "Pitangus_sulphuratus"
"329" 4510 "Myiodynastes_luteiventris" "Passeriformes" "Tyrannidae" "Myiodynastes" "luteiventris" "Myiodynastes_luteiventris"
"330" 4460 "Tyrannus_melancholicus" "Passeriformes" "Tyrannidae" "Tyrannus" "melancholicus" "Tyrannus_melancholicus"
"331" 4461 "Tyrannus_couchii" "Passeriformes" "Tyrannidae" "Tyrannus" "couchii" "Tyrannus_couchii"
"332" 4480 "Tyrannus_vociferans" "Passeriformes" "Tyrannidae" "Tyrannus" "vociferans" "Tyrannus_vociferans"
"333" 4451 "Tyrannus_crassirostris" "Passeriformes" "Tyrannidae" "Tyrannus" "crassirostris" "Tyrannus_crassirostris"
"334" 4470 "Tyrannus_verticalis" "Passeriformes" "Tyrannidae" "Tyrannus" "verticalis" "Tyrannus_verticalis"
"335" 4447 "Tyrannus_vociferans" "Passeriformes" "Tyrannidae" "Tyrannus" "vociferans" "Tyrannus_vociferans"
"336" 4440 "Tyrannus_tyrannus" "Passeriformes" "Tyrannidae" "Tyrannus" "tyrannus" "Tyrannus_tyrannus"
"337" 4450 "Tyrannus_dominicensis" "Passeriformes" "Tyrannidae" "Tyrannus" "dominicensis" "Tyrannus_dominicensis"
"338" 4430 "Tyrannus_forficatus" "Passeriformes" "Tyrannidae" "Tyrannus" "forficatus" "Tyrannus_forficatus"
"339" 4590 "Contopus_cooperi" "Passeriformes" "Tyrannidae" "Contopus" "cooperi" "Contopus_cooperi"
"340" 4600 "Contopus_pertinax" "Passeriformes" "Tyrannidae" "Contopus" "pertinax" "Contopus_pertinax"
"341" 4620 "Contopus_sordidulus" "Passeriformes" "Tyrannidae" "Contopus" "sordidulus" "Contopus_sordidulus"
"342" 4610 "Contopus_virens" "Passeriformes" "Tyrannidae" "Contopus" "virens" "Contopus_virens"
"343" 4630 "Empidonax_flaviventris" "Passeriformes" "Tyrannidae" "Empidonax" "flaviventris" "Empidonax_flaviventris"
"344" 4650 "Empidonax_virescens" "Passeriformes" "Tyrannidae" "Empidonax" "virescens" "Empidonax_virescens"
"345" 4661 "Empidonax_alnorum" "Passeriformes" "Tyrannidae" "Empidonax" "alnorum" "Empidonax_alnorum"
"346" 4660 "Empidonax_traillii" "Passeriformes" "Tyrannidae" "Empidonax" "traillii" "Empidonax_traillii"
"347" 4665 "Empidonax_alnorum" "Passeriformes" "Tyrannidae" "Empidonax" "alnorum" "Empidonax_alnorum"
"348" 4670 "Empidonax_minimus" "Passeriformes" "Tyrannidae" "Empidonax" "minimus" "Empidonax_minimus"
"349" 4680 "Empidonax_hammondii" "Passeriformes" "Tyrannidae" "Empidonax" "hammondii" "Empidonax_hammondii"
"350" 4691 "Empidonax_wrightii" "Passeriformes" "Tyrannidae" "Empidonax" "wrightii" "Empidonax_wrightii"
"351" 4690 "Empidonax_oberholseri" "Passeriformes" "Tyrannidae" "Empidonax" "oberholseri" "Empidonax_oberholseri"
"352" 4689 "Empidonax_hammondii" "Passeriformes" "Tyrannidae" "Empidonax" "hammondii" "Empidonax_hammondii"
"353" 4641 "Empidonax_difficilis" "Passeriformes" "Tyrannidae" "Empidonax" "difficilis" "Empidonax_difficilis"
"354" 4640 "Empidonax_occidentalis" "Passeriformes" "Tyrannidae" "Empidonax" "occidentalis" "Empidonax_occidentalis"
"355" 4642 "Empidonax_difficilis" "Passeriformes" "Tyrannidae" "Empidonax" "difficilis" "Empidonax_difficilis"
"357" 4580 "Sayornis_nigricans" "Passeriformes" "Tyrannidae" "Sayornis" "nigricans" "Sayornis_nigricans"
"358" 4560 "Sayornis_phoebe" "Passeriformes" "Tyrannidae" "Sayornis" "phoebe" "Sayornis_phoebe"
"359" 4570 "Sayornis_saya" "Passeriformes" "Tyrannidae" "Sayornis" "saya" "Sayornis_saya"
"360" 4710 "Pyrocephalus_rubinus" "Passeriformes" "Tyrannidae" "Pyrocephalus" "rubinus" "Pyrocephalus_rubinus"
"361" 6220 "Lanius_ludovicianus" "Passeriformes" "Laniidae" "Lanius" "ludovicianus" "Lanius_ludovicianus"
"362" 6210 "Lanius_borealis" "Passeriformes" "Laniidae" "Lanius" "borealis" "Lanius_excubitor"
"363" 6300 "Vireo_atricapilla" "Passeriformes" "Vireonidae" "Vireo" "atricapilla" "Vireo_atricapilla"
"364" 6310 "Vireo_griseus" "Passeriformes" "Vireonidae" "Vireo" "griseus" "Vireo_griseus"
"365" 6330 "Vireo_bellii" "Passeriformes" "Vireonidae" "Vireo" "bellii" "Vireo_bellii"
"366" 6340 "Vireo_vicinior" "Passeriformes" "Vireonidae" "Vireo" "vicinior" "Vireo_vicinior"
"367" 6320 "Vireo_huttoni" "Passeriformes" "Vireonidae" "Vireo" "huttoni" "Vireo_huttoni"
"368" 6280 "Vireo_flavifrons" "Passeriformes" "Vireonidae" "Vireo" "flavifrons" "Vireo_flavifrons"
"369" 6291 "Vireo_cassinii" "Passeriformes" "Vireonidae" "Vireo" "cassinii" "Vireo_cassinii"
"370" 6290 "Vireo_solitarius" "Passeriformes" "Vireonidae" "Vireo" "solitarius" "Vireo_solitarius"
"371" 6292 "Vireo_plumbeus" "Passeriformes" "Vireonidae" "Vireo" "plumbeus" "Vireo_plumbeus"
"372" 6296 "Vireo_plumbeus" "Passeriformes" "Vireonidae" "Vireo" "plumbeus" "Vireo_plumbeus"
"373" 6260 "Vireo_philadelphicus" "Passeriformes" "Vireonidae" "Vireo" "philadelphicus" "Vireo_philadelphicus"
"374" 6270 "Vireo_gilvus" "Passeriformes" "Vireonidae" "Vireo" "gilvus" "Vireo_gilvus"
"375" 6240 "Vireo_olivaceus" "Passeriformes" "Vireonidae" "Vireo" "olivaceus" "Vireo_olivaceus"
"376" 6230 "Vireo_altiloquus" "Passeriformes" "Vireonidae" "Vireo" "altiloquus" "Vireo_altiloquus"
"377" 4840 "Perisoreus_canadensis" "Passeriformes" "Corvidae" "Perisoreus" "canadensis" "Perisoreus_canadensis"
"378" 4830 "Cyanocorax_yncas" "Passeriformes" "Corvidae" "Cyanocorax" "yncas" "Cyanocorax_yncas"
"379" 4920 "Gymnorhinus_cyanocephalus" "Passeriformes" "Corvidae" "Gymnorhinus" "cyanocephalus" "Gymnorhinus_cyanocephalus"
"380" 4780 "Cyanocitta_stelleri" "Passeriformes" "Corvidae" "Cyanocitta" "stelleri" "Cyanocitta_stelleri"
"381" 4770 "Cyanocitta_cristata" "Passeriformes" "Corvidae" "Cyanocitta" "cristata" "Cyanocitta_cristata"
"382" 4790 "Aphelocoma_coerulescens" "Passeriformes" "Corvidae" "Aphelocoma" "coerulescens" "Aphelocoma_coerulescens"
"383" 4812 "Aphelocoma_californica" "Passeriformes" "Corvidae" "Aphelocoma" "californica" "Aphelocoma_californica"
"384" 4813 "Aphelocoma_californica" "Passeriformes" "Corvidae" "Aphelocoma" "woodhouseii" "Aphelocoma_californica"
"385" 4810 "Aphelocoma_californica" "Passeriformes" "Corvidae" "Aphelocoma" "californica" "Aphelocoma_californica"
"386" 4820 "Aphelocoma_wollweberi" "Passeriformes" "Corvidae" "Aphelocoma" "wollweberi" "Aphelocoma_ultramarina"
"387" 4910 "Nucifraga_columbiana" "Passeriformes" "Corvidae" "Nucifraga" "columbiana" "Nucifraga_columbiana"
"388" 4750 "Pica_hudsonia" "Passeriformes" "Corvidae" "Pica" "hudsonia" "Pica_hudsonia"
"389" 4760 "Pica_nutalli" "Passeriformes" "Corvidae" "Pica" "nuttalli" "Pica_hudsonia"
"390" 4880 "Corvus_brachyrhynchos" "Passeriformes" "Corvidae" "Corvus" "brachyrhynchos" "Corvus_brachyrhynchos"
"391" 4890 "Corvus_caurinus" "Passeriformes" "Corvidae" "Corvus" "caurinus" "Corvus_caurinus"
"392" 4900 "Corvus_ossifragus" "Passeriformes" "Corvidae" "Corvus" "ossifragus" "Corvus_ossifragus"
"393" 4881 "Corvus_brachyrhynchos" "Passeriformes" "Corvidae" "Corvus" "brachyrhynchos" "Corvus_brachyrhynchos"
"394" 4882 "Corvus_brachyrhynchos" "Passeriformes" "Corvidae" "Corvus" "brachyrhynchos" "Corvus_brachyrhynchos"
"395" 4870 "Corvus_cryptoleucus" "Passeriformes" "Corvidae" "Corvus" "cryptoleucus" "Corvus_cryptoleucus"
"396" 4860 "Corvus_corax" "Passeriformes" "Corvidae" "Corvus" "corax" "Corvus_corax"
"397" 4865 "Corvus_cryptoleucus" "Passeriformes" "Corvidae" "Corvus" "cryptoleucus" "Corvus_cryptoleucus"
"398" 4740 "Eremophila_alpestris" "Passeriformes" "Alaudidae" "Eremophila" "alpestris" "Eremophila_alpestris"
"399" 6160 "Riparia_riparia" "Passeriformes" "Hirundinidae" "Riparia" "riparia" "Riparia_riparia"
"400" 6140 "Tachycineta_bicolor" "Passeriformes" "Hirundinidae" "Tachycineta" "bicolor" "Tachycineta_bicolor"
"401" 6150 "Tachycineta_thalassina" "Passeriformes" "Hirundinidae" "Tachycineta" "thalassina" "Tachycineta_thalassina"
"402" 6170 "Stelgidopteryx_serripennis" "Passeriformes" "Hirundinidae" "Stelgidopteryx" "serripennis" "Stelgidopteryx_serripennis"
"403" 6110 "Progne_subis" "Passeriformes" "Hirundinidae" "Progne" "subis" "Progne_subis"
"404" 6130 "Hirundo_rustica" "Passeriformes" "Hirundinidae" "Hirundo" "rustica" "Hirundo_rustica"
"405" 6120 "Petrochelidon_pyrrhonota" "Passeriformes" "Hirundinidae" "Petrochelidon" "pyrrhonota" "Petrochelidon_pyrrhonota"
"406" 6121 "Petrochelidon_fulva" "Passeriformes" "Hirundinidae" "Petrochelidon" "fulva" "Petrochelidon_fulva"
"407" 6122 "Petrochelidon_pyrrhonota" "Passeriformes" "Hirundinidae" "Petrochelidon" "pyrrhonota" "Petrochelidon_pyrrhonota"
"408" 7360 "Poecile_carolinensis" "Passeriformes" "Paridae" "Poecile" "carolinensis" "Parus_carolinensis"
"409" 7350 "Poecile_atricapillus" "Passeriformes" "Paridae" "Poecile" "atricapillus" "Parus_atricapillus"
"410" 7380 "Poecile_gambeli" "Passeriformes" "Paridae" "Poecile" "gambeli" "Parus_gambeli"
"411" 7410 "Poecile_rufescens" "Passeriformes" "Paridae" "Poecile" "rufescens" "Parus_rufescens"
"412" 7400 "Poecile_hudsonicus" "Passeriformes" "Paridae" "Poecile" "hudsonicus" "Parus_hudsonicus"
"413" 7352 "Poecile_carolinensis" "Passeriformes" "Paridae" "Poecile" "carolinensis" "Parus_carolinensis"
"414" 7353 "Poecile_atricapillus" "Passeriformes" "Paridae" "Poecile" "atricapillus" "Parus_atricapillus"
"415" 7354 "Poecile_atricapillus" "Passeriformes" "Paridae" "Poecile" "atricapillus" "Parus_atricapillus"
"417" 7340 "Baeolophus_wollweberi" "Passeriformes" "Paridae" "Baeolophus" "wollweberi" "Baeolophus_wollweberi"
"418" 7330 "Baeolophus_inornatus" "Passeriformes" "Paridae" "Baeolophus" "inornatus" "Baeolophus_inornatus"
"419" 7331 "Baeolophus_ridgwayi" "Passeriformes" "Paridae" "Baeolophus" "ridgwayi" "Baeolophus_ridgwayi"
"420" 7332 "Baeolophus_inornatus" "Passeriformes" "Paridae" "Baeolophus" "inornatus" "Baeolophus_inornatus"
"421" 7310 "Baeolophus_bicolor" "Passeriformes" "Paridae" "Baeolophus" "bicolor" "Baeolophus_bicolor"
"422" 7320 "Baeolophus_atricristatus" "Passeriformes" "Paridae" "Baeolophus" "atricristatus" "Baeolophus_atricristatus"
"423" 7315 "Baeolophus_bicolor" "Passeriformes" "Paridae" "Baeolophus" "bicolor" "Baeolophus_bicolor"
"424" 7460 "Auriparus_flaviceps" "Passeriformes" "Remizidae" "Auriparus" "flaviceps" "Auriparus_flaviceps"
"425" 7430 "Psaltriparus_minimus" "Passeriformes" "Aegithalidae" "Psaltriparus" "minimus" "Psaltriparus_minimus"
"426" 7280 "Sitta_canadensis" "Passeriformes" "Sittidae" "Sitta" "canadensis" "Sitta_canadensis"
"427" 7270 "Sitta_carolinensis" "Passeriformes" "Sittidae" "Sitta" "carolinensis" "Sitta_carolinensis"
"428" 7300 "Sitta_pygmaea" "Passeriformes" "Sittidae" "Sitta" "pygmaea" "Sitta_pygmaea"
"429" 7290 "Sitta_pusilla" "Passeriformes" "Sittidae" "Sitta" "pusilla" "Sitta_pusilla"
"430" 7260 "Certhia_americana" "Passeriformes" "Certhiidae" "Certhia" "americana" "Certhia_americana"
"431" 7150 "Salpinctes_obsoletus" "Passeriformes" "Troglodytidae" "Salpinctes" "obsoletus" "Salpinctes_obsoletus"
"432" 7170 "Catherpes_mexicanus" "Passeriformes" "Troglodytidae" "Catherpes" "mexicanus" "Catherpes_mexicanus"
"433" 7210 "Troglodytes_aedon" "Passeriformes" "Troglodytidae" "Troglodytes" "aedon" "Troglodytes_aedon"
"434" 7221 "Troglodytes_pacificus" "Passeriformes" "Troglodytidae" "Troglodytes" "pacificus" "Troglodytes_troglodytes"
"435" 7222 "Troglodytes_hiemalis" "Passeriformes" "Troglodytidae" "Troglodytes" "hiemalis" "Troglodytes_troglodytes"
"436" 7240 "Cistothorus_platensis" "Passeriformes" "Troglodytidae" "Cistothorus" "platensis" "Cistothorus_platensis"
"437" 7250 "Cistothorus_palustris" "Passeriformes" "Troglodytidae" "Cistothorus" "palustris" "Cistothorus_palustris"
"438" 7180 "Thryothorus_ludovicianus" "Passeriformes" "Troglodytidae" "Thryothorus" "ludovicianus" "Thryothorus_ludovicianus"
"439" 7190 "Thryomanes_bewickii" "Passeriformes" "Troglodytidae" "Thryomanes" "bewickii" "Thryomanes_bewickii"
"440" 7130 "Campylorhynchus_brunneicapillus" "Passeriformes" "Troglodytidae" "Campylorhynchus" "brunneicapillus" "Campylorhynchus_brunneicapillus"
"441" 16600 "Thryophilus_sinaloa" "Passeriformes" "Troglodytidae" "Thryophilus" "sinaloa" "Thryothorus_sinaloa"
"442" 7510 "Polioptila_caerulea" "Passeriformes" "Polioptilidae" "Polioptila" "caerulea" "Polioptila_caerulea"
"443" 7520 "Polioptila_melanura" "Passeriformes" "Polioptilidae" "Polioptila" "melanura" "Polioptila_melanura"
"444" 7010 "Cinclus_mexicanus" "Passeriformes" "Cinclidae" "Cinclus" "mexicanus" "Cinclus_mexicanus"
"445" 7480 "Regulus_satrapa" "Passeriformes" "Regulidae" "Regulus" "satrapa" "Regulus_satrapa"
"446" 7490 "Regulus_calendula" "Passeriformes" "Regulidae" "Regulus" "calendula" "Regulus_calendula"
"447" 7470 "Phylloscopus_borealis" "Passeriformes" "Phylloscopidae" "Phylloscopus" "borealis" "Phylloscopus_borealis"
"448" 7420 "Chamaea_fasciata" "Passeriformes" "Sylviidae" "Chamaea" "fasciata" "Chamaea_fasciata"
"449" 7640 "Cyanecula_svecica" "Passeriformes" "Muscicapidae" "Cyanecula" "svecica" "Luscinia_svecica"
"450" 7650 "Oenanthe_oenanthe" "Passeriformes" "Muscicapidae" "Oenanthe" "oenanthe" "Oenanthe_oenanthe"
"451" 7660 "Sialia_sialis" "Passeriformes" "Turdidae" "Sialia" "sialis" "Sialia_sialis"
"452" 7670 "Sialia_mexicana" "Passeriformes" "Turdidae" "Sialia" "mexicana" "Sialia_mexicana"
"453" 7680 "Sialia_currucoides" "Passeriformes" "Turdidae" "Sialia" "currucoides" "Sialia_currucoides"
"454" 7540 "Myadestes_townsendi" "Passeriformes" "Turdidae" "Myadestes" "townsendi" "Myadestes_townsendi"
"455" 7560 "Catharus_fuscescens" "Passeriformes" "Turdidae" "Catharus" "fuscescens" "Catharus_fuscescens"
"456" 7570 "Catharus_minimus" "Passeriformes" "Turdidae" "Catharus" "minimus" "Catharus_minimus"
"457" 7580 "Catharus_ustulatus" "Passeriformes" "Turdidae" "Catharus" "ustulatus" "Catharus_ustulatus"
"458" 7590 "Catharus_guttatus" "Passeriformes" "Turdidae" "Catharus" "guttatus" "Catharus_guttatus"
"459" 7550 "Hylocichla_mustelina" "Passeriformes" "Turdidae" "Hylocichla" "mustelina" "Hylocichla_mustelina"
"460" 7610 "Turdus_migratorius" "Passeriformes" "Turdidae" "Turdus" "migratorius" "Turdus_migratorius"
"461" 7630 "Ixoreus_naevius" "Passeriformes" "Turdidae" "Ixoreus" "naevius" "Zoothera_naevia"
"462" 7040 "Dumetella_carolinensis" "Passeriformes" "Mimidae" "Dumetella" "carolinensis" "Dumetella_carolinensis"
"463" 7070 "Toxostoma_curvirostre" "Passeriformes" "Mimidae" "Toxostoma" "curvirostre" "Toxostoma_curvirostre"
"464" 7050 "Toxostoma_rufum" "Passeriformes" "Mimidae" "Toxostoma" "rufum" "Toxostoma_rufum"
"465" 7060 "Toxostoma_longirostre" "Passeriformes" "Mimidae" "Toxostoma" "longirostre" "Toxostoma_longirostre"
"466" 7080 "Toxostoma_bendirei" "Passeriformes" "Mimidae" "Toxostoma" "bendirei" "Toxostoma_bendirei"
"467" 7100 "Toxostoma_redivivum" "Passeriformes" "Mimidae" "Toxostoma" "redivivum" "Toxostoma_redivivum"
"468" 7110 "Toxostoma_lecontei" "Passeriformes" "Mimidae" "Toxostoma" "lecontei" "Toxostoma_lecontei"
"469" 7120 "Toxostoma_crissale" "Passeriformes" "Mimidae" "Toxostoma" "crissale" "Toxostoma_crissale"
"470" 7020 "Oreoscoptes_montanus" "Passeriformes" "Mimidae" "Oreoscoptes" "montanus" "Oreoscoptes_montanus"
"471" 7030 "Mimus_polyglottos" "Passeriformes" "Mimidae" "Mimus" "polyglottos" "Mimus_polyglottos"
"472" 4930 "Sturnus_vulgaris" "Passeriformes" "Sturnidae" "Sturnus" "vulgaris" "Sturnus_vulgaris"
"473" 6180 "Bombycilla_garrulus" "Passeriformes" "Bombycillidae" "Bombycilla" "garrulus" "Bombycilla_garrulus"
"474" 6190 "Bombycilla_cedrorum" "Passeriformes" "Bombycillidae" "Bombycilla" "cedrorum" "Bombycilla_cedrorum"
"475" 6200 "Phainopepla_nitens" "Passeriformes" "Ptiliogonatidae" "Phainopepla" "nitens" "Phainopepla_nitens"
"476" 6510 "Peucedramus_taeniatus" "Passeriformes" "Peucedramidae" "Peucedramus" "taeniatus" "Peucedramus_taeniatus"
"477" 6882 "Passer_domesticus" "Passeriformes" "Passeridae" "Passer" "domesticus" "Passer_domesticus"
"478" 6883 "Passer_montanus" "Passeriformes" "Passeridae" "Passer" "montanus" "Passer_montanus"
"479" 6960 "Motacilla_tschutschensis" "Passeriformes" "Motacillidae" "Motacilla" "tschutschensis" "Motacilla_flava"
"480" 6970 "Anthus_rubescens" "Passeriformes" "Motacillidae" "Anthus" "rubescens" "Anthus_rubescens"
"481" 7000 "Anthus_spragueii" "Passeriformes" "Motacillidae" "Anthus" "spragueii" "Anthus_spragueii"
"482" 5140 "Hesperiphona_vespertina" "Passeriformes" "Fringillidae" "Coccothraustes" "vespertinus" "Coccothraustes_vespertinus"
"483" 5150 "Pinicola_enucleator" "Passeriformes" "Fringillidae" "Pinicola" "enucleator" "Pinicola_enucleator"
"484" 5190 "Haemorhous_mexicanus" "Passeriformes" "Fringillidae" "Haemorhous" "mexicanus" "Carpodacus_mexicanus"
"485" 5170 "Haemorhous_purpureus" "Passeriformes" "Fringillidae" "Haemorhous" "purpureus" "Carpodacus_purpureus"
"486" 5180 "Haemorhous_cassinii" "Passeriformes" "Fringillidae" "Haemorhous" "cassinii" "Carpodacus_cassinii"
"487" 5195 "Haemorhous_purpureus" "Passeriformes" "Fringillidae" "Carpodacus" "purpureus" "Carpodacus_purpureus"
"488" 5280 "Acanthis_flammea" "Passeriformes" "Fringillidae" "Acanthis" "flammea" "Carduelis_flammea"
"489" 5270 "Carduelis_hornemanni" "Passeriformes" "Fringillidae" "Acanthis" "hornemanni" "Carduelis_hornemanni"
"490" 5275 "Acanthis_flammea" "Passeriformes" "Fringillidae" "Carduelis" "flammea" "Carduelis_flammea"
"491" 5210 "Loxia_curvirostra" "Passeriformes" "Fringillidae" "Loxia" "curvirostra" "Loxia_curvirostra"
"492" 5212 "Loxia_curvirostra" "Passeriformes" "Fringillidae" "Loxia" "sinesciuris" "Loxia_curvirostra"
"493" 5220 "Loxia_leucoptera" "Passeriformes" "Fringillidae" "Loxia" "leucoptera" "Loxia_leucoptera"
"494" 5225 "Loxia_curvirostra" "Passeriformes" "Fringillidae" "Loxia" "curvirostra" "Loxia_curvirostra"
"495" 5261 "Carduelis_carduelis" "Passeriformes" "Fringillidae" "Carduelis" "carduelis" "Carduelis_carduelis"
"496" 5330 "Spinus_pinus" "Passeriformes" "Fringillidae" "Spinus" "pinus" "Carduelis_pinus"
"497" 5300 "Spinus_psaltria" "Passeriformes" "Fringillidae" "Spinus" "psaltria" "Carduelis_psaltria"
"498" 5310 "Spinus_lawrencei" "Passeriformes" "Fringillidae" "Spinus" "lawrencei" "Carduelis_lawrencei"
"499" 5290 "Spinus_tristis" "Passeriformes" "Fringillidae" "Spinus" "tristis" "Carduelis_tristis"
"500" 5360 "Calcarius_lapponicus" "Passeriformes" "Calcariidae" "Calcarius" "lapponicus" "Calcarius_lapponicus"
"501" 5380 "Calcarius_ornatus" "Passeriformes" "Calcariidae" "Calcarius" "ornatus" "Calcarius_ornatus"
"502" 5370 "Calcarius_pictus" "Passeriformes" "Calcariidae" "Calcarius" "pictus" "Calcarius_pictus"
"503" 5390 "Rhynchophanes_mccownii" "Passeriformes" "Calcariidae" "Rhynchophanes" "mccownii" "Calcarius_mccownii"
"504" 5790 "Peucaea_carpalis" "Passeriformes" "Passerellidae" "Peucaea" "carpalis" "Aimophila_carpalis"
"505" 5760 "Peucaea_botterii" "Passeriformes" "Passerellidae" "Peucaea" "botterii" "Aimophila_botterii"
"506" 5780 "Peucaea_cassinii" "Passeriformes" "Passerellidae" "Peucaea" "cassinii" "Aimophila_cassinii"
"507" 5750 "Peucaea_aestivalis" "Passeriformes" "Passerellidae" "Peucaea" "aestivalis" "Aimophila_aestivalis"
"508" 5460 "Ammodramus_savannarum" "Passeriformes" "Passerellidae" "Ammodramus" "savannarum" "Ammodramus_savannarum"
"509" 5860 "Arremonops_rufivirgatus" "Passeriformes" "Passerellidae" "Arremonops" "rufivirgatus" "Arremonops_rufivirgatus"
"510" 5730 "Amphispiza_bilineata" "Passeriformes" "Passerellidae" "Amphispiza" "bilineata" "Amphispiza_bilineata"
"511" 5520 "Chondestes_grammacus" "Passeriformes" "Passerellidae" "Chondestes" "grammacus" "Chondestes_grammacus"
"512" 6050 "Calamospiza_melanocorys" "Passeriformes" "Passerellidae" "Calamospiza" "melanocorys" "Calamospiza_melanocorys"
"513" 5600 "Spizella_passerina" "Passeriformes" "Passerellidae" "Spizella" "passerina" "Spizella_passerina"
"514" 5610 "Spizella_pallida" "Passeriformes" "Passerellidae" "Spizella" "pallida" "Spizella_pallida"
"515" 5650 "Spizella_atrogularis" "Passeriformes" "Passerellidae" "Spizella" "atrogularis" "Spizella_atrogularis"
"516" 5630 "Spizella_pusilla" "Passeriformes" "Passerellidae" "Spizella" "pusilla" "Spizella_pusilla"
"517" 5620 "Spizella_breweri" "Passeriformes" "Passerellidae" "Spizella" "breweri" "Spizella_breweri"
"518" 5850 "Passerella_iliaca" "Passeriformes" "Passerellidae" "Passerella" "iliaca" "Passerella_iliaca"
"519" 5590 "Passerella_arborea" "Passeriformes" "Passerellidae" "Spizelloides" "arborea" "Passerella_iliaca"
"520" 5670 "Junco_hyemalis" "Passeriformes" "Passerellidae" "Junco" "hyemalis" "Junco_hyemalis"
"521" 5671 "Junco_hyemalis" "Passeriformes" "Passerellidae" "Junco" "hyemalis" "Junco_hyemalis"
"522" 5680 "Junco_hyemalis" "Passeriformes" "Passerellidae" "Junco" "hyemalis" "Junco_hyemalis"
"523" 5690 "Junco_hyemalis" "Passeriformes" "Passerellidae" "Junco" "hyemalis" "Junco_hyemalis"
"524" 5677 "Junco_hyemalis" "Passeriformes" "Passerellidae" "Junco" "hyemalis" "Junco_hyemalis"
"525" 5700 "Junco_phaeonotus" "Passeriformes" "Passerellidae" "Junco" "phaeonotus" "Junco_phaeonotus"
"526" 5540 "Zonotrichia_leucophrys" "Passeriformes" "Passerellidae" "Zonotrichia" "leucophrys" "Zonotrichia_leucophrys"
"527" 5570 "Zonotrichia_atricapilla" "Passeriformes" "Passerellidae" "Zonotrichia" "atricapilla" "Zonotrichia_atricapilla"
"528" 5580 "Zonotrichia_albicollis" "Passeriformes" "Passerellidae" "Zonotrichia" "albicollis" "Zonotrichia_albicollis"
"529" 5738 "Artemisiospiza_nevadensis" "Passeriformes" "Passerellidae" "Artemisiospiza" "nevadensis" "Amphispiza_belli"
"530" 5739 "Artemisiospiza_belli" "Passeriformes" "Passerellidae" "Artemisiospiza" "belli" "Amphispiza_belli"
"531" 5740 "Artemisiospiza_nevadensis" "Passeriformes" "Passerellidae" "Artemisiospiza" "nevadensis" "Amphispiza_belli"
"532" 5400 "Pooecetes_gramineus" "Passeriformes" "Passerellidae" "Pooecetes" "gramineus" "Pooecetes_gramineus"
"533" 5480 "Ammospiza_leconteii" "Passeriformes" "Passerellidae" "Ammospiza" "leconteii" "Ammodramus_leconteii"
"534" 5500 "Ammospiza_maritima" "Passeriformes" "Passerellidae" "Ammospiza" "maritima" "Ammodramus_maritimus"
"535" 5491 "Ammospiza_nelsoni" "Passeriformes" "Passerellidae" "Ammospiza" "nelsoni" "Ammodramus_nelsoni"
"536" 5490 "Ammospiza_caudacuta" "Passeriformes" "Passerellidae" "Ammospiza" "caudacuta" "Ammodramus_caudacutus"
"537" 5450 "Passerculus_bairdii" "Passeriformes" "Passerellidae" "Centronyx" "bairdii" "Ammodramus_bairdii"
"538" 5470 "Passerculus_henslowii" "Passeriformes" "Passerellidae" "Centronyx" "henslowii" "Ammodramus_henslowii"
"539" 5420 "Passerculus_sandwichensis" "Passeriformes" "Passerellidae" "Passerculus" "sandwichensis" "Passerculus_sandwichensis"
"540" 5810 "Melospiza_melodia" "Passeriformes" "Passerellidae" "Melospiza" "melodia" "Melospiza_melodia"
"541" 5830 "Melospiza_lincolnii" "Passeriformes" "Passerellidae" "Melospiza" "lincolnii" "Melospiza_lincolnii"
"542" 5840 "Melospiza_georgiana" "Passeriformes" "Passerellidae" "Melospiza" "georgiana" "Melospiza_georgiana"
"543" 5910 "Melozone_fusca" "Passeriformes" "Passerellidae" "Melozone" "fusca" "Pipilo_fuscus"
"544" 5920 "Melozone_aberti" "Passeriformes" "Passerellidae" "Melozone" "aberti" "Pipilo_aberti"
"545" 5911 "Melozone_crissalis" "Passeriformes" "Passerellidae" "Melozone" "crissalis" "Pipilo_crissalis"
"546" 5800 "Aimophila_ruficeps" "Passeriformes" "Passerellidae" "Aimophila" "ruficeps" "Aimophila_ruficeps"
"547" 5900 "Pipilo_chlorurus" "Passeriformes" "Passerellidae" "Pipilo" "chlorurus" "Pipilo_chlorurus"
"548" 5880 "Pipilo_maculatus" "Passeriformes" "Passerellidae" "Pipilo" "maculatus" "Pipilo_maculatus"
"549" 5870 "Pipilo_erythrophthalmus" "Passeriformes" "Passerellidae" "Pipilo" "erythrophthalmus" "Pipilo_erythrophthalmus"
"550" 5871 "Pipilo_maculatus" "Passeriformes" "Passerellidae" "Pipilo" "maculatus" "Pipilo_maculatus"
"551" 6830 "Icteria_virens" "Passeriformes" "Icteriidae" "Icteria" "virens" "Icteria_virens"
"552" 4970 "Xanthocephalus_xanthocephalus" "Passeriformes" "Icteridae" "Xanthocephalus" "xanthocephalus" "Xanthocephalus_xanthocephalus"
"553" 4940 "Dolichonyx_oryzivorus" "Passeriformes" "Icteridae" "Dolichonyx" "oryzivorus" "Dolichonyx_oryzivorus"
"554" 5010 "Sturnella_magna" "Passeriformes" "Icteridae" "Sturnella" "magna" "Sturnella_magna"
"555" 5011 "Sturnella_neglecta" "Passeriformes" "Icteridae" "Sturnella" "neglecta" "Sturnella_neglecta"
"556" 5012 "Sturnella_magna" "Passeriformes" "Icteridae" "Sturnella" "magna" "Sturnella_magna"
"557" 5060 "Icterus_spurius" "Passeriformes" "Icteridae" "Icterus" "spurius" "Icterus_spurius"
"558" 5050 "Icterus_cucullatus" "Passeriformes" "Icteridae" "Icterus" "cucullatus" "Icterus_cucullatus"
"559" 5080 "Icterus_bullockiorum" "Passeriformes" "Icteridae" "Icterus" "bullockii" "Icterus_bullockii"
"560" 5030 "Icterus_graduacauda" "Passeriformes" "Icteridae" "Icterus" "graduacauda" "Icterus_graduacauda"
"561" 5070 "Icterus_galbula" "Passeriformes" "Icteridae" "Icterus" "galbula" "Icterus_galbula"
"562" 5077 "Icterus_bullockiorum" "Passeriformes" "Icteridae" "Icterus" "bullockii" "Icterus_bullockii"
"563" 5040 "Icterus_parisorum" "Passeriformes" "Icteridae" "Icterus" "parisorum" "Icterus_parisorum"
"564" 4980 "Agelaius_phoeniceus" "Passeriformes" "Icteridae" "Agelaius" "phoeniceus" "Agelaius_phoeniceus"
"565" 5000 "Agelaius_tricolor" "Passeriformes" "Icteridae" "Agelaius" "tricolor" "Agelaius_tricolor"
"566" 4960 "Molothrus_aeneus" "Passeriformes" "Icteridae" "Molothrus" "aeneus" "Molothrus_aeneus"
"567" 4950 "Molothrus_ater" "Passeriformes" "Icteridae" "Molothrus" "ater" "Molothrus_ater"
"568" 5090 "Euphagus_carolinus" "Passeriformes" "Icteridae" "Euphagus" "carolinus" "Euphagus_carolinus"
"569" 5100 "Euphagus_cyanocephalus" "Passeriformes" "Icteridae" "Euphagus" "cyanocephalus" "Euphagus_cyanocephalus"
"570" 5110 "Quiscalus_quiscula" "Passeriformes" "Icteridae" "Quiscalus" "quiscula" "Quiscalus_quiscula"
"571" 5130 "Quiscalus_major" "Passeriformes" "Icteridae" "Quiscalus" "major" "Quiscalus_major"
"572" 5120 "Quiscalus_mexicanus" "Passeriformes" "Icteridae" "Quiscalus" "mexicanus" "Quiscalus_mexicanus"
"573" 5135 "Quiscalus_major" "Passeriformes" "Icteridae" "Quiscalus" "major" "Quiscalus_major"
"574" 6740 "Seiurus_aurocapilla" "Passeriformes" "Parulidae" "Seiurus" "aurocapilla" "Seiurus_aurocapilla"
"575" 6390 "Helmitheros_vermivorum" "Passeriformes" "Parulidae" "Helmitheros" "vermivorum" "Helmitheros_vermivorum"
"576" 6760 "Parkesia_motacilla" "Passeriformes" "Parulidae" "Parkesia" "motacilla" "Seiurus_motacilla"
"577" 6750 "Parkesia_noveboracensis" "Passeriformes" "Parulidae" "Parkesia" "noveboracensis" "Seiurus_noveboracensis"
"578" 6420 "Vermivora_chrysoptera" "Passeriformes" "Parulidae" "Vermivora" "chrysoptera" "Vermivora_chrysoptera"
"579" 6410 "Vermivora_cyanoptera" "Passeriformes" "Parulidae" "Vermivora" "cyanoptera" "Vermivora_chrysoptera"
"580" 6412 "Vermivora_cyanoptera" "Passeriformes" "Parulidae" "Vermivora" "cyanoptera" "Vermivora_chrysoptera"
"581" 6413 "Vermivora_chrysoptera" "Passeriformes" "Parulidae" "Vermivora" "chrysoptera" "Vermivora_chrysoptera"
"582" 6360 "Mniotilta_varia" "Passeriformes" "Parulidae" "Mniotilta" "varia" "Mniotilta_varia"
"583" 6370 "Protonotaria_citrea" "Passeriformes" "Parulidae" "Protonotaria" "citrea" "Protonotaria_citrea"
"584" 6380 "Limnothlypis_swainsonii" "Passeriformes" "Parulidae" "Limnothlypis" "swainsonii" "Limnothlypis_swainsonii"
"585" 6470 "Leiothlypis_peregrina" "Passeriformes" "Parulidae" "Leiothlypis" "peregrina" "Vermivora_peregrina"
"586" 6460 "Leiothlypis_celata" "Passeriformes" "Parulidae" "Leiothlypis" "celata" "Vermivora_celata"
"587" 6430 "Leiothlypis_luciae" "Passeriformes" "Parulidae" "Leiothlypis" "luciae" "Vermivora_luciae"
"588" 6450 "Leiothlypis_ruficapilla" "Passeriformes" "Parulidae" "Leiothlypis" "ruficapilla" "Vermivora_ruficapilla"
"589" 6440 "Leiothlypis_virginiae" "Passeriformes" "Parulidae" "Leiothlypis" "virginiae" "Vermivora_virginiae"
"590" 6780 "Oporornis_agilis" "Passeriformes" "Parulidae" "Oporornis" "agilis" "Oporornis_agilis"
"591" 6800 "Geothlypis_tolmiei" "Passeriformes" "Parulidae" "Geothlypis" "tolmiei" "Oporornis_tolmiei"
"592" 6790 "Geothlypis_philadelphia" "Passeriformes" "Parulidae" "Geothlypis" "philadelphia" "Oporornis_philadelphia"
"593" 6770 "Geothlypis_formosa" "Passeriformes" "Parulidae" "Geothlypis" "formosa" "Oporornis_formosus"
"594" 6810 "Geothlypis_trichas" "Passeriformes" "Parulidae" "Geothlypis" "trichas" "Geothlypis_trichas"
"595" 6840 "Setophaga_citrina" "Passeriformes" "Parulidae" "Setophaga" "citrina" "Wilsonia_citrina"
"596" 6870 "Setophaga_ruticilla" "Passeriformes" "Parulidae" "Setophaga" "ruticilla" "Setophaga_ruticilla"
"597" 6700 "Setophaga_kirtlandii" "Passeriformes" "Parulidae" "Setophaga" "kirtlandii" "Dendroica_kirtlandii"
"598" 6500 "Setophaga_tigrina" "Passeriformes" "Parulidae" "Setophaga" "tigrina" "Dendroica_tigrina"
"599" 6580 "Setophaga_cerulea" "Passeriformes" "Parulidae" "Setophaga" "cerulea" "Dendroica_cerulea"
"600" 6480 "Setophaga_americana" "Passeriformes" "Parulidae" "Setophaga" "americana" "Parula_americana"
"601" 6570 "Setophaga_magnolia" "Passeriformes" "Parulidae" "Setophaga" "magnolia" "Dendroica_magnolia"
"602" 6600 "Setophaga_castanea" "Passeriformes" "Parulidae" "Setophaga" "castanea" "Dendroica_castanea"
"603" 6620 "Setophaga_fusca" "Passeriformes" "Parulidae" "Setophaga" "fusca" "Dendroica_fusca"
"604" 6520 "Setophaga_petechia" "Passeriformes" "Parulidae" "Setophaga" "petechia" "Dendroica_petechia"
"605" 6590 "Setophaga_pensylvanica" "Passeriformes" "Parulidae" "Setophaga" "pensylvanica" "Dendroica_pensylvanica"
"606" 6610 "Setophaga_striata" "Passeriformes" "Parulidae" "Setophaga" "striata" "Dendroica_striata"
"607" 6540 "Setophaga_caerulescens" "Passeriformes" "Parulidae" "Setophaga" "caerulescens" "Dendroica_caerulescens"
"608" 6720 "Setophaga_palmarum" "Passeriformes" "Parulidae" "Setophaga" "palmarum" "Dendroica_palmarum"
"609" 6710 "Setophaga_pinus" "Passeriformes" "Parulidae" "Setophaga" "pinus" "Dendroica_pinus"
"610" 6550 "Setophaga_coronata" "Passeriformes" "Parulidae" "Setophaga" "coronata" "Dendroica_coronata"
"611" 6560 "Setophaga_coronata" "Passeriformes" "Parulidae" "Setophaga" "coronata" "Dendroica_coronata"
"612" 6556 "Setophaga_coronata" "Passeriformes" "Parulidae" "Setophaga" "coronata" "Dendroica_coronata"
"613" 6630 "Setophaga_dominica" "Passeriformes" "Parulidae" "Setophaga" "dominica" "Dendroica_dominica"
"614" 6730 "Setophaga_discolor" "Passeriformes" "Parulidae" "Setophaga" "discolor" "Dendroica_discolor"
"615" 6640 "Setophaga_graciae" "Passeriformes" "Parulidae" "Setophaga" "graciae" "Dendroica_graciae"
"616" 6650 "Setophaga_nigrescens" "Passeriformes" "Parulidae" "Setophaga" "nigrescens" "Dendroica_nigrescens"
"617" 6680 "Setophaga_townsendi" "Passeriformes" "Parulidae" "Setophaga" "townsendi" "Dendroica_townsendi"
"618" 6690 "Setophaga_occidentalis" "Passeriformes" "Parulidae" "Setophaga" "occidentalis" "Dendroica_occidentalis"
"619" 6686 "Setophaga_townsendi" "Passeriformes" "Parulidae" "Setophaga" "townsendi" "Dendroica_townsendi"
"620" 6685 "Setophaga_townsendi" "Passeriformes" "Parulidae" "Setophaga" "townsendi" "Dendroica_townsendi"
"621" 6660 "Setophaga_chrysoparia" "Passeriformes" "Parulidae" "Setophaga" "chrysoparia" "Dendroica_chrysoparia"
"622" 6670 "Setophaga_virens" "Passeriformes" "Parulidae" "Setophaga" "virens" "Dendroica_virens"
"623" 6860 "Cardellina_canadensis" "Passeriformes" "Parulidae" "Cardellina" "canadensis" "Wilsonia_canadensis"
"624" 6850 "Cardellina_pusilla" "Passeriformes" "Parulidae" "Cardellina" "pusilla" "Wilsonia_pusilla"
"625" 6900 "Cardellina_rubrifrons" "Passeriformes" "Parulidae" "Cardellina" "rubrifrons" "Cardellina_rubrifrons"
"626" 6880 "Myioborus_pictus" "Passeriformes" "Parulidae" "Myioborus" "pictus" "Myioborus_pictus"
"627" 6090 "Piranga_flava" "Passeriformes" "Cardinalidae" "Piranga" "flava" "Piranga_flava"
"628" 6100 "Piranga_rubra" "Passeriformes" "Cardinalidae" "Piranga" "rubra" "Piranga_rubra"
"629" 6080 "Piranga_olivacea" "Passeriformes" "Cardinalidae" "Piranga" "olivacea" "Piranga_olivacea"
"630" 6070 "Piranga_ludoviciana" "Passeriformes" "Cardinalidae" "Piranga" "ludoviciana" "Piranga_ludoviciana"
"631" 5930 "Cardinalis_cardinalis" "Passeriformes" "Cardinalidae" "Cardinalis" "cardinalis" "Cardinalis_cardinalis"
"632" 5940 "Cardinalis_sinuatus" "Passeriformes" "Cardinalidae" "Cardinalis" "sinuatus" "Cardinalis_sinuatus"
"633" 5935 "Cardinalis_cardinalis" "Passeriformes" "Cardinalidae" "Cardinalis" "cardinalis" "Cardinalis_cardinalis"
"634" 5950 "Pheucticus_ludovicianus" "Passeriformes" "Cardinalidae" "Pheucticus" "ludovicianus" "Pheucticus_ludovicianus"
"635" 5960 "Pheucticus_melanocephalus" "Passeriformes" "Cardinalidae" "Pheucticus" "melanocephalus" "Pheucticus_melanocephalus"
"636" 5970 "Passerina_caerulea" "Passeriformes" "Cardinalidae" "Passerina" "caerulea" "Passerina_caerulea"
"637" 5990 "Passerina_amoena" "Passeriformes" "Cardinalidae" "Passerina" "amoena" "Passerina_amoena"
"638" 5980 "Passerina_cyanea" "Passeriformes" "Cardinalidae" "Passerina" "cyanea" "Passerina_cyanea"
"639" 5986 "Passerina_amoena" "Passeriformes" "Cardinalidae" "Passerina" "amoena" "Passerina_amoena"
"640" 6000 "Passerina_versicolor" "Passeriformes" "Cardinalidae" "Passerina" "versicolor" "Passerina_versicolor"
"641" 6010 "Passerina_ciris" "Passeriformes" "Cardinalidae" "Passerina" "ciris" "Passerina_ciris"
"642" 6040 "Spiza_americana" "Passeriformes" "Cardinalidae" "Spiza" "americana" "Spiza_americana"
